l_english:
 #-------------------------------------
 # Wastelander
 #-------------------------------------
 wastelander_group: "Wastelander"
 wastelander: "American"
 new_reno: "New Reno"
 follower: "Follower"
 hubologist: "Hubologist"
 modoc: "Modocan"
 caliente: "Caliente"
 cipher: "Cipher"
 westside: "Westside"
 goodsprings: "Goodsprings"
 primm: "Primm"
 rivet_city: "Rivet City"
 oasis: "Oasis"
 dave: "Dave"
 megaton: "Megaton"
 andale: "Andale"
 washington_outcasts: "Washington Outcasts"
 atom_cats: "Atom Cats"
 railroad: "Railroad"
 goodneighbour: "Goodneighbor"
 diamond_city: "Diamond City"
 covenant: "Covenant"
 remnant: "Remnant"
 bunker_hill: "Bunker Hill"
 west_lubbock: "West Lubbock"
 lone_star: "Lone Star"
 macomb: "Macomb"
 ronto: "Ronto"
 atlanta: "Atlantan"
 new_yorker: "New York"
 great_lanta: "Great Lanta"
 zealot: "Crusader"
 rust_city: "Rust City"
 junktown: "Junker"
 hub: "Hubber"
 sloan: "Sloan"
 reservation: "Reservation"
 dirtvale: "Dirtvale"
 abbey_of_the_road: "Abbey of the Road"
 temple_of_the_union: "Temple of the Union"
 canterbury_commons: "Canterbury Commons"
 sierra_madre: "Sierra Madre"
 novac: "Vacancy"
 moose: "Moose"
 lasso: "Lasso"
 redwood: "Redwood"
 fremontia: "Fremontia"
 boulder_dome: "Boulder Dome"
 abbey: "The Abbey"
 appleton: "Appleton"
 springfield: "Springfield"
 kalissa: "Kalissa"
 eden: "Eden"
 woodstock: "Woodstock"
 delphia: "Delphia"
 frankfurt: "Frankfurt"
 overburg: "Overburg"
 altoona: "Altoona"
 yokmuth: "Yokmuth"
 windmore: "Windmore"
 dallas: "Dallas"
 amaril: "Amaril"
 oklama: "Oklama"
 rustworth: "Rustworth"
 knox: "Knox"
 akron: "Akron"
 arcjet: "Arcjet"
 freedom: "Freedom"
 malden: "Malden"
 pikewood: "Pikewood"
 wildwood: "Wildwood"
 four_leaf: "Four Leaf"
 confederate: "Confederate"
 
 #-------------------------------------
 # English
 #-------------------------------------
 english_group: "English"
 english: "English"
 tenpenny: "Tenpenny"
 new_victoria: "New Victoria"
 
 #-------------------------------------
 # French
 #-------------------------------------
 french_group: "French"
 french: "French"
 quebecois: "Québécois"
 cajun: "Cajun"
 
 #-------------------------------------
 # Japanese
 #-------------------------------------
 japanese_group: "Japanese"
 japanese: "Japanese"
 yakuza: "Yakuza"
 
 #-------------------------------------
 # Hispanic
 #-------------------------------------
 hispanic_group: "Hispanic"
 mexico: "Mexican"
 sinaloa: "Sinaloa"
 los_zetas: "Los Zetas"
 cuban: "Cuban"
 baja: "Baja California"
 malpais: "Malpais"
 hemasil: "Hemasil"
 tamalpi: "Tamalpi"
 parral: "Parral"
 maw: "Maw"
 
 #-------------------------------------
 # NCR
 #-------------------------------------
 ncr_group: "NCR"
 new_california: "New Californian"
 ranger: "Ranger"
 maxson: "Maxson"
 dayglow: "Dayglow"
 bullhead: "Bullhead"
 navarro: "Navarro"
 sac_town: "Sac-town"
 redding: "Redding"
 one_pine: "One Pine"
 hawthorne: "Hawthorne"
 bitterwater: "Bitterwater"
 vallejo: "Vallejo"
 mendocino: "Mendocino"
 granite_peak: "Granite Peak"
 elko: "Elko"
 whitehorn: "Whitehorn"
 nail: "Nail"
 lassen: "Lassen"
 visalia: "Visalia"
 fresno: "Fresno"
 merced: "Merced"
 mendota: "Mendota"
 flats: "Flats"
 tahoe: "Tahoe"
 vidal: "Vidal"
 borrego: "Borrego"
 quartz: "Quartz"
 big_pine: "Big Pine"
 scrapheap: "Scrapheap"
 
 #-------------------------------------
 # Legion
 #-------------------------------------
 legion_group: "Legion"
 legionary: "Legionary"
 sons_of_jupiter: "Sons of Jupiter"
 spartan: "Spartan"
 vox_populi: "Vox Populi"
 
 #-------------------------------------
 # New Vegas
 #-------------------------------------
 new_vegas_group: "New Vegas"
 new_vegas: "New Vegas"
 
 #-------------------------------------
 # Shi
 #-------------------------------------
 shi_group: "Shi"
 shi: "Shi"
 
 #-------------------------------------
 # Enclave
 #-------------------------------------
 enclave_group: "Enclave"
 enclave: "Enclave"
 
 #-------------------------------------
 # Minutemen
 #-------------------------------------
 minutemen_group: "Minutemen"
 minutemen: "Minutemen"
 
 #-------------------------------------
 # Institute
 #-------------------------------------
 institute_group: "Institute"
 institute: "Institute"

 #-------------------------------------
 # Children of the Atom
 #-------------------------------------
 children_of_the_atom_group: "Children of the Atom"
 children_of_the_atom: "Children of the Atom"
 
 #-------------------------------------
 # Vault Dweller
 #-------------------------------------
 vault_dweller_group: "Vault Dwellers"
 vault_dweller: "Vault Dweller"
 boomer: "Boomer"
 vault_city: "Vault City"
 vault_81: "Vault 81"
 vault_101: "Vault 101"
 vault_96: "Vault 96"
 
 #-------------------------------------
 # Brotherhood of Steel
 #-------------------------------------
 brotherhood_group: "Brotherhood of Steel"
 brotherhood: "Brotherhood Chapter"
 lost_hills_chapter: "Lost Hills Chapter"
 mojave_chapter: "Mojave Chapter"
 midwestern_chapter: "Midwestern Chapter"
 east_coast_chapter: "East Coast Chapter"
 brotherhood_outcasts: "Brotherhood Outcasts"
 boston_chapter: "Boston Chapter"
 chinatown_chapter: "Chinatown Chapter"
 den_chapter: "Den Chapter"
 texas_chapter: "Texas Chapter"
 montana_chapter: "Montana Chapter"
 indiana_chapter: "Indiana Chapter"
 minnesota_chapter: "Minnesota Chapter"
 
 #-------------------------------------
 # Tribal
 #-------------------------------------
 tribal_group: "Tribal"
 tribal_generic: "Tribal"
 white_leg: "White Leg"
 sorrow: "Sorrow"
 dead_horse: "Dead Horse"
 arroyo: "Arroyan"
 brahmin_wood: "Brahmin Wood"
 peoria: "Peorian"
 iron_river: "Iron River"
 twin_mother: "Twin Mother"
 scorpion_bite: "Scorpion Bite"
 daughters_of_hecate: "Daughters of Hecate"
 lamplight: "Lamplight Children"
 cannibal: "Cannibal"
 crag_stalkers: "Crag Stalkers"
 men_of_the_wolf: "Men of the Wolf"
 redclaw: "Redclaw"
 stagwalkers: "Stagwalkers"
 snowfoot: "Snowfoot"
 hidelocks: "Hidelocks"
 snajan: "Snajan"
 issaquah: "Issaquahi"
 whitestalker: "Whitestalkers"
 lost_totem: "Lost Totem"
 blackfoot: "Blackfoot"
 twisted_hair: "Twisted Hairs"
 fredonian: "Fredonian"
 hangdog: "Hangdog"
 hidebark: "Hidebark"
 kaibab: "Kaibab"
 sun_dog: "Sun Dog"
 ridger: "Ridger"
 painted_rock: "Painted Rock"
 black_arrow: "Black Arrow"
 bear_kin: "Bear Kin"
 braveshell: "Braveshell"
 waste_oracle: "Waste Oracle"
 grimfoot: "Grimfoot"
 wheatclaw: "Wheatclaw"
 thunder_fall: "Thunderfall"
 coyote_eyes: "Coyote Eyes"
 ironbow: "Ironbow"
 hawktalon: "Hawktalon"
 flamefoot: "Flamefoot"
 dustfury: "Dustfury"
 crazy_horn: "Crazy Horn"
 ironbask: "Ironbask"
 sol: "Solaris"
 steel_stalker: "Steel Talker"
 lost_caste: "Lost Caste"
 ratspeaker: "Ratspeaker"
 grimtooth: "Grimtooth"
 tar_walker: "Tar Walker"
 withered_claw: "Withered Claw"
 tsegi: "Tsegi"
 escali: "Escali"
 red_mesa: "Red Mesa"
 furystone: "Furystone"
 whitebraid: "Whitebraid"
 casktooth: "Casktooth"
 hovel: "Hovel"
 dirt_haven: "Dirt Haven"
 beastlords: "Beastlord"
 spiked_palm: "Spiked Palm"
 golden_wolves: "Golden Wolf"
 smoulder: "Smoulder"
 tioga: "Tioga"
 bothi: "Bothi"
 haven: "Haven"
 kisatchie: "Kisatchie"
 doch: "Doch"
 pamipa: "Pamipa"
 yellowtuck: "Yellowtuck"
 kokomoro: "Kokomoro"
 elkheart: "Elkheart"
 red_dirt: "Red Dirt"
 mudder: "Mudder"
 kikuakua: "Kikuakua"
 vuevo: "Vuevo"
 duurgo: "Duurgo"
 jalizo: "Jalizo"
 potija: "Potija"
 
 #-------------------------------------
 # Raider
 #-------------------------------------
 raider_group: "Raiders"
 raider: "Raider"
 gunner: "Gunner"
 viper: "Viper"
 khan: "Great Khan"
 kings: "The Kings"
 pitt: "Pitt"
 fiends: "Fiends"
 eighties: "Eighties"
 powder_ganger: "Powder Ganger"
 the_den: "Den"
 junction_city: "Junction City"
 coldwater: "Coldwater"
 forged: "Forged"
 paradise_falls: "Paradise Falls"
 triggermen: "Triggermen"
 trappermen: "Trappermen"
 the_pack: "The Pack"
 disciples: "Disciples"
 operators: "Operators"
 cobra: "Cobra"
 iron_fist: "Iron Fist"
 regulator: "Regulators"
 blackbone: "Blackbones"
 cracked_fist: "Cracked Fist"
 deadmouth: "Deadmouther"
 crypt: "Crypts"
 snake_ears: "Snake-ears"
 fanged_sun: "Fanged Sun"
 night_hound: "Night Hounds"
 broken_hammer: "Broken Hammer"
 bonespike: "Bonespike"
 ripclaw: "Ripclaw"
 lasher: "Lasher"
 crowgrave: "Crowgrave"
 crimson_son: "Crimson Son"
 the_main_faction: "The Main Faction"
 devil_graveyard: "Gang of Devil's Graveyard"
 gang_of_macomb: "Gang of Macomb"
 big_town: "Big Town"
 the_family: "The Family"
 springvale: "Springvale"
 arefu: "Arefu"
 hardware_town: "Hardware Town"
 nukaworld: "Nuka-world"
 eboncaste: "Eboncaste"
 steel_scorpion: "Steel Scorpion"
 nukaspike: "Nukaspike"
 murkiron: "Murkiron"
 degenerate: "Degenerate"
 scarred_sun: "Scarred Sun"
 bleached_bone: "Bleached Bone"
 red_scar: "Red Scar"
 puebla: "Puebla"
 hidalgo: "Hidalgo"
 hater: "Hater"
 rustbucket: "Rustbucket"
 jackel: "Jackel"
 motorboy: "Motorboy"
 scorched_hand: "Scorched Hand"
 sandorian: "Sandorian"
 blackrot: "Blackrot"
 ikthan: "Ikthan"
 reaver: "Reaver"
 corpse: "Corpse"
 red_stinger: "Red Stinger"
 vinchenzo: "Vinchenzo"
 rustfang: "Rustfang"
 railspike: "Railspike"
 shattered_eye: "Shattered Eye"
 tul_gator: "Tul Gator"
 killred: "Killred"
 soot: "Soot"
 texak: "Texak"
 saltlick: "Saltlick"
 sinner: "Sinner"
 nasher: "Nasher"
 lawless: "Lawless"
 flayed: "Flayed"
 xalapo: "Xalapo"
 torrex: "Torrex"
 zaccan: "Zaccan"
 
 #-------------------------------------
 # Ghoul
 #-------------------------------------
 ghoul_group: "Ghouls"
 ghoul: "Ghoul"
 gravestone: "Gravestone"
 necropolis: "Necropolis"
 gecko: "Gecko"
 slag: "Slag"
 marked_men: "Marked Men"
 underworld: "Underworld"
 east_lubbock: "East Lubbock"
 monroeville: "Monroeville"
 renewal: "Renewal"
 chinese_remnant: "Chinese Remnant"
 warrington: "Warrington"
 ghoulroad: "Ghoulroad"
 atomicflare: "Atomicflare"
 gravewatch: "Gravewatch"
 slab: "Slab"
 trinity: "Trinity"
 nukaroll: "Nukaroll"
 radbite: "Radbite"
 ashen: "Ashen"
 fusion: "Fusion"
 aberration: "Aberration"
 mazatli: "Mazatli"
 
 #-------------------------------------
 # Super Mutant
 #-------------------------------------
 super_mutant_group: "Super Mutants"
 super_mutant: "Super Mutant"
 mariposa: "Mariposa"
 jacobstown: "Jacobstown"
 utobitha: "Utobitha"
 austin: "Austin"
 gammorin: "Gammorin"
 germantown: "Germantown"
 crater: "Crater"
 zark: "Zark"
 
 #-------------------------------------
 # Mutant
 #-------------------------------------
 mutant_group: "Mutants"
 beastlord: "Beastlord"
 dwarf: "Dwarf"
 
 #-------------------------------------
 # Plant Mutant
 #-------------------------------------
 plant_mutant_group: "Plant Mutants"
 swampfolk: "Swampfolk"
 plantfolk: "Plantfolk"
 
 #-------------------------------------
 # Creatures
 #-------------------------------------
 creatures_group: "Creatures"
 mole_rat: "Mole Rat"
 radstag: "Radstag"
 yao_guai: "Yao Guai"
 vicious_dog: "Vicious Dog"
 mirelurk: "Mirelurk"
 radscorpion: "Radscorpion"
 
 deathclaw_group: "Deathclaw"
 deathclaw: "Deathclaw"
 
 #-------------------------------------
 # Robot
 #-------------------------------------
 robot_group: "Machines"
 android: "Android"
 robot: "Robot"
 robo_scorpion: "Robo-scorpion"
 lobotomite: "Lobotomite"
 synth: "Synth"
 skynet: "Skynet"
 mechanist: "Mechanist"
 uss_constitution: "Constitution"
 think_tank: "Think Tank"
 
 #-------------------------------------
 # Alien
 #-------------------------------------
 alien_group: "Aliens"
 zetan:0 "Zetan"
 
 #-------------------------------------
 # Chinese
 #-------------------------------------
 chinese_group: "Chinese"
 chinese: "Chinese"
 